year,total_energy_mwh,total_co2_g,gco2_per_kwh
2018,170026124.0833333,45367414000000.0,266.8261377161341
2019,220367305.16666666,56000032166666.664,254.12132768204026
2020,222353535.41666666,60393811333333.33,271.61165312780753
2021,225908064.66666666,59809065666666.664,264.749581892601
2022,233904496.16666666,58330161250000.0,249.37597269800807
2023,234887725.16666666,52671259166666.664,224.24015188232295
2024,227776637.3333333,43830537750000.0,192.42771455027423
2025,143781030.41666666,21863099000000.0,152.05829960073575
