year,weighted_gco2_per_kwh
2018,424.6694380169685
2019,402.336489108663
2020,375.5400169731556
2021,367.33994095533853
2022,351.5640712135707
2023,341.03697981649725
2024,326.9665157078655
